{"AIN":"RHONE-ALPES","AISNE":"PICARDIE","ALLIER":"AUVERGNE","ALPES DE HAUTES-PROVENCE":"PROVENCE-ALPES-COTE D'AZUR","HAUTES-ALPES":"PROVENCE-ALPES-COTE D'AZUR","ALPES-MARITIMES":"PROVENCE-ALPES-COTE D'AZUR","ARDECHE":"RHONE-ALPES","ARDENNES":"CHAMPAGNE-ARDENNE","ARIEGE":"MIDI-PYRENEES","AUBE":"CHAMPAGNE-ARDENNE","AUDE":"LANGUEDOC-ROUSSILLON","AVEYRON":"MIDI-PYRENEES","BOUCHES-DU-RHONE":"PROVENCE-ALPES-COTE D'AZUR","CALVADOS":"BASSE-NORMANDIE","CANTAL":"AUVERGNE","CHARENTE":"POITOU-CHARENTES","CHARENTE-MARITIME":"POITOU-CHARENTES","CHER":"CENTRE","CORREZE":"LIMOUSIN","CORSE-DU-SUD":"CORSE","HAUTE-CORSE":"CORSE","COTE-D'OR":"BOURGOGNE","COTES D'ARMOR":"BRETAGNE","CREUSE":"LIMOUSIN","DORDOGNE":"AQUITAINE","DOUBS":"FRANCHE-COMTE","DROME":"RHONE-ALPES","EURE":"HAUTE-NORMANDIE","EURE-ET-LOIR":"CENTRE","FINISTERE":"BRETAGNE","GARD":"LANGUEDOC-ROUSSILLON","HAUTE-GARONNE":"MIDI-PYRENEES","GERS":"MIDI-PYRENEES","GIRONDE":"AQUITAINE","HERAULT":"LANGUEDOC-ROUSSILLON","ILLE-ET-VILAINE":"BRETAGNE","INDRE":"CENTRE","INDRE-ET-LOIRE":"CENTRE","ISERE":"RHONE-ALPES","JURA":"FRANCHE-COMTE","LANDES":"AQUITAINE","LOIR-ET-CHER":"CENTRE","LOIRE":"RHONE-ALPES","HAUTE-LOIRE":"AUVERGNE","LOIRE-ATLANTIQUE":"PAYS DE LA LOIRE","LOIRET":"CENTRE","LOT":"MIDI-PYRENEES","LOT-ET-GARONNE":"AQUITAINE","LOZERE":"LANGUEDOC-ROUSSILLON","MAINE-ET-LOIRE":"PAYS DE LA LOIRE","MANCHE":"BASSE-NORMANDIE","MARNE":"CHAMPAGNE-ARDENNE","HAUTE-MARNE":"CHAMPAGNE-ARDENNE","MAYENNE":"PAYS DE LA LOIRE","MEURTHE-ET-MOSELLE":"LORRAINE","MEUSE":"LORRAINE","MORBIHAN":"BRETAGNE","MOSELLE":"LORRAINE","NIEVRE":"BOURGOGNE","NORD":"NORD-PAS-DE-CALAIS","OISE":"PICARDIE","ORNE":"BASSE-NORMANDIE","PAS-DE-CALAIS":"NORD-PAS-DE-CALAIS","PUY-DE-DOME":"AUVERGNE","PYRENEES-ATLANTIQUES":"AQUITAINE","HAUTES-PYRENEES":"MIDI-PYRENEES","PYRENEES-ORIENTALES":"LANGUEDOC-ROUSSILLON","BAS-RHIN":"ALSACE","HAUT-RHIN":"ALSACE","RHONE":"RHONE-ALPES","HAUTE-SAONE":"FRANCHE-COMTE","SAONE-ET-LOIRE":"BOURGOGNE","SARTHE":"PAYS DE LA LOIRE","SAVOIE":"RHONE-ALPES","HAUTE-SAVOIE":"RHONE-ALPES","PARIS":"ILE-DE-FRANCE","SEINE-MARITIME":"HAUTE-NORMANDIE","SEINE-ET-MARNE":"ILE-DE-FRANCE","YVELINES":"ILE-DE-FRANCE","DEUX-SEVRES":"POITOU-CHARENTES","SOMME":"PICARDIE","TARN":"MIDI-PYRENEES","TARN-ET-GARONNE":"MIDI-PYRENEES","VAR":"PROVENCE-ALPES-COTE D'AZUR","VAUCLUSE":"PROVENCE-ALPES-COTE D'AZUR","VENDEE":"PAYS DE LA LOIRE","VIENNE":"POITOU-CHARENTES","HAUTE-VIENNE":"LIMOUSIN","VOSGES":"LORRAINE","YONNE":"BOURGOGNE","TERRITOIRE-DE-BELFORT":"FRANCHE-COMTE","ESSONNE":"ILE-DE-FRANCE","HAUTS-DE-SEINE":"ILE-DE-FRANCE","SEINE-SAINT-DENIS":"ILE-DE-FRANCE","VAL-DE-MARNE":"ILE-DE-FRANCE","VAL-D'OISE":"ILE-DE-FRANCE"}